{"cameraMode":{"drawMode":0,"name":"Shaded","section":"Shading Mode"},"sceneLighting":true,"audioPlay":false,"sceneViewState":{"showFog":true,"showMaterialUpdate":false,"showSkybox":true,"showFlares":true,"showImageEffects":true,"showParticleSystems":true},"in2DMode":false,"pivot":{"x":152.12574768066407,"y":0.7790000438690186,"z":116.11900329589844},"rotation":{"x":0.30074435472488406,"y":0.24795496463775636,"z":-0.08129291981458664,"w":0.9173168540000916},"size":1.2247449159622193,"orthographic":false}